{
   "type": "dir", 
   "name": "~", 
   "contents": [
      {
         "type": "dir", 
         "name": "pictures", 
         "contents": [
            {
               "type": "img", 
               "name": "jason.jpg", 
               "contents": "images/jason.jpg"
            }
         ]
      }, 
      {
         "type": "exec", 
         "name": "github", 
         "contents": "https://github.com/erronjason"
      }, 
      {
         "type": "exec", 
         "name": "mail", 
         "contents": "mailto:jason@jasonsayre.com"
      }, 
      {
         "type": "exec", 
         "name": "files", 
         "contents": "https://erronjason.com/files/"
      }, 
      {
         "type": "text", 
         "name": "contact.txt", 
         "contents": "Email: jason@jasonsayre.com\nPhone: (901) 205-9006\nPretty much everything else: erronjason\n"
      }, 
      {
         "type": "text", 
         "name": "about.txt", 
         "contents": "Hi, I'm Jason sayre.\nI'm a twenty five year old working in the field of information technology.\nThis is my personal repository for experiments and projects,\nbut you're welcome to mess around here if you'd like.\n"
      }
   ]
}